<?xml version="1.0" encoding="UTF-8"?>
<beans xmlns="http://www.springframework.org/schema/beans"
	xmlns:xsi="http://www.w3.org/2001/XMLSchema-instance" xmlns:context="http://www.springframework.org/schema/context"
	xmlns:util="http://www.springframework.org/schema/util" xmlns:jee="http://www.springframework.org/schema/jee"
	xmlns:tx="http://www.springframework.org/schema/tx" xmlns:jpa="http://www.springframework.org/schema/data/jpa"
	xmlns:mvc="http://www.springframework.org/schema/mvc"
	xsi:schemaLocation="
		http://www.springframework.org/schema/beans http://www.springframework.org/schema/beans/spring-beans-3.2.xsd
		http://www.springframework.org/schema/context http://www.springframework.org/schema/context/spring-context-3.2.xsd
		http://www.springframework.org/schema/util http://www.springframework.org/schema/util/spring-util-3.2.xsd
		http://www.springframework.org/schema/jee http://www.springframework.org/schema/jee/spring-jee-3.2.xsd
		http://www.springframework.org/schema/tx http://www.springframework.org/schema/tx/spring-tx-3.2.xsd
		http://www.springframework.org/schema/data/jpa http://www.springframework.org/schema/data/jpa/spring-jpa-1.3.xsd
		http://www.springframework.org/schema/mvc http://www.springframework.org/schema/mvc/spring-mvc-3.2.xsd">

	<!-- 没顺序关系 -->
	<!-- <!-- 处理器适配器 实现controller接口的action ，顺便写了 handler 并加载 <bean class="org.springframework.web.servlet.mvc.SimpleControllerHandlerAdapter" 
		/> 配置handller <bean name="/test1.action" class="com.civet.note.web.TestHandler" 
		/> 处理器映射器 bean的name当做url查询 <bean class="org.springframework.web.servlet.handler.BeanNameUrlHandlerMapping" 
		/> ====================== 注解的映射器 这个是在3.1以后的版本中用的，之前过期了 <bean class="org.springframework.web.servlet.mvc.method.annotation.RequestMappingHandlerMapping" 
		/> 注解适配器 <bean class="org.springframework.web.servlet.mvc.method.annotation.RequestMappingHandlerAdapter" 
		/> =========这两东西可以被替代============ -->
	<!-- 这个里面添加了很多参数绑定方法 -->
	<!-- 注解的映射器和适配器:配对使用的 -->
	<mvc:annotation-driven />

	<!-- 组件扫描 controller service dao 等 -->
	<context:component-scan base-package="com.civet.note.web" />

	<!-- 视图解析器 解析jsp视图。默认使用jstl （classpath下有jstl的包） -->
	<bean
		class="org.springframework.web.servlet.view.InternalResourceViewResolver">
	</bean>

</beans>
